county,county_id,registered_voters,turnout_in_person,turnout_mail,turnout_total,roster_in_person,roster_mail,roster_total,gap_in_person,gap_mail,gap_total,gap_pct
ANDERSON,1,30786,2390,99,2489,2390,28,2418,0,71,71,0.028525512253917237
ANDREWS,2,10702,395,11,406,395,4,399,0,7,7,0.017241379310344827
ANGELINA,3,55664,3149,245,3394,3149,51,3200,0,194,194,0.057159693576900414
ARANSAS,4,19525,1454,145,1599,1454,13,1467,0,132,132,0.0825515947467167
ARCHER,5,7024,396,37,433,396,7,403,0,30,30,0.06928406466512702
ARMSTRONG,6,1438,112,13,125,112,5,117,0,8,8,0.064
ATASCOSA,7,32329,1320,46,1366,1320,44,1364,0,2,2,0.0014641288433382138
AUSTIN,8,22456,1328,155,1483,1328,43,1371,0,112,112,0.07552258934592043
BAILEY,9,3206,138,26,164,138,10,148,0,16,16,0.0975609756097561
BANDERA,10,19223,2405,153,2558,2405,34,2439,0,119,119,0.04652071931196247
BASTROP,11,63196,3169,218,3387,3169,26,3195,0,192,192,0.0566873339238264
BAYLOR,12,2399,69,13,82,69,4,73,0,9,9,0.10975609756097561
BEE,13,15565,865,75,940,865,11,876,0,64,64,0.06808510638297872
BELL,14,237800,8536,648,9184,8536,80,8616,0,568,568,0.06184668989547038
BEXAR,15,1302585,40892,3727,44619,40892,543,41435,0,3184,3184,0.07135973464219279
BLANCO,16,11109,1332,58,1390,1332,8,1340,0,50,50,0.03597122302158273
BORDEN,17,466,52,8,60,52,2,54,0,6,6,0.1
BOSQUE,18,13544,598,62,660,598,21,619,0,41,41,0.06212121212121212
BOWIE,19,60726,2416,272,2688,2416,33,2449,0,239,239,0.08891369047619048
BRAZORIA,20,256322,13268,802,14070,13088,184,13272,180,618,798,0.056716417910447764
BRAZOS,21,139694,7862,453,8315,7862,60,7922,0,393,393,0.047263980757666864
BREWSTER,22,7042,359,24,383,359,5,364,0,19,19,0.04960835509138381
BRISCOE,23,994,56,17,73,56,4,60,0,13,13,0.1780821917808219
BROOKS,24,4738,28,0,28,28,0,28,0,0,0,0.0
BROWN,25,25563,2400,211,2611,2400,92,2492,0,119,119,0.045576407506702415
BURLESON,26,14028,849,85,934,590,9,599,259,76,335,0.35867237687366166
BURNET,27,39936,597,270,867,597,10,607,0,260,260,0.29988465974625145
CALDWELL,28,27463,1023,68,1091,1022,24,1046,1,44,45,0.04124656278643447
CALHOUN,29,12908,871,42,913,871,9,880,0,33,33,0.03614457831325301
CALLAHAN,30,10409,378,48,426,378,9,387,0,39,39,0.09154929577464789
CAMERON,31,238910,4024,304,4328,4024,287,4311,0,17,17,0.003927911275415897
CAMP,32,8337,62,49,111,61,12,73,1,37,38,0.34234234234234234
CARSON,33,4217,178,13,191,178,4,182,0,9,9,0.04712041884816754
CASS,34,21649,1316,123,1439,1315,9,1324,1,114,115,0.07991660875608061
CASTRO,35,3506,233,15,248,233,15,248,0,0,0,0.0
CHAMBERS,36,38288,2223,14,2237,2223,0,2223,0,14,14,0.006258381761287439
CHEROKEE,37,32319,1726,113,1839,1727,25,1752,-1,88,87,0.04730831973898858
CHILDRESS,38,3457,101,0,101,101,0,101,0,0,0,0.0
CLAY,39,8237,303,19,322,303,7,310,0,12,12,0.037267080745341616
COCHRAN,40,1486,21,24,45,21,8,29,0,16,16,0.35555555555555557
COKE,41,2508,93,36,129,93,9,102,0,27,27,0.20930232558139536
COLEMAN,42,6105,755,52,807,755,14,769,0,38,38,0.04708798017348203
COLLIN,43,751744,42686,1972,44658,42665,616,43281,21,1356,1377,0.03083434099153567
COLLINGSWORTH,44,1942,24,19,43,24,4,28,0,15,15,0.3488372093023256
COLORADO,45,14572,1223,71,1294,1223,32,1255,0,39,39,0.030139103554868624
COMAL,46,148291,9908,1037,10945,9908,1037,10945,0,0,0,0.0
COMANCHE,47,10230,906,88,994,906,88,994,0,0,0,0.0
CONCHO,48,1731,64,29,93,64,6,70,0,23,23,0.24731182795698925
COOKE,49,30630,1588,122,1710,1588,24,1612,0,98,98,0.05730994152046784
CORYELL,50,46228,2744,173,2917,2744,18,2762,0,155,155,0.053136784367500856
COTTLE,51,971,57,6,63,57,1,58,0,5,5,0.07936507936507936
CRANE,52,2759,429,15,444,429,6,435,0,9,9,0.02027027027027027
CROCKETT,53,2250,83,9,92,83,9,92,0,0,0,0.0
CROSBY,54,3605,208,42,250,208,15,223,0,27,27,0.108
CULBERSON,55,1717,9,0,9,9,0,9,0,0,0,0.0
DALLAM,56,2800,73,29,102,55,29,84,18,0,18,0.17647058823529413
DALLAS,57,1456854,43548,2426,45974,42809,383,43192,739,2043,2782,0.0605124635663636
DAWSON,58,6443,291,29,320,291,28,319,0,1,1,0.003125
DEAF SMITH,59,8771,255,52,307,255,18,273,0,34,34,0.11074918566775244
DELTA,60,4089,6,36,42,6,6,12,0,30,30,0.7142857142857143
DENTON,61,654728,38688,1691,40379,38659,302,38961,29,1389,1418,0.0351172639243171
DEWITT,62,11573,778,75,853,777,26,803,1,49,50,0.05861664712778429
DICKENS,63,1361,69,9,78,69,0,69,0,9,9,0.11538461538461539
DIMMIT,64,6594,72,1,73,72,0,72,0,1,1,0.0136986301369863
DONLEY,65,2431,82,9,91,82,7,89,0,2,2,0.02197802197802198
DUVAL,66,7769,21,4,25,21,4,25,0,0,0,0.0
EASTLAND,67,12536,635,133,768,635,23,658,0,110,110,0.14322916666666666
ECTOR,68,85455,2442,0,2442,2442,0,2442,0,0,0,0.0
EDWARDS,69,1465,159,6,165,159,5,164,0,1,1,0.006060606060606061
EL PASO,71,523121,6787,425,7212,6787,124,6911,0,301,301,0.041735995562950635
ELLIS,70,152780,8015,420,8435,8011,388,8399,4,32,36,0.004267931238885595
ERATH,72,26374,1585,145,1730,1585,143,1728,0,2,2,0.0011560693641618498
FALLS,73,10663,10,41,51,10,10,20,0,31,31,0.6078431372549019
FANNIN,74,24891,2183,122,2305,2183,34,2217,0,88,88,0.03817787418655098
FAYETTE,75,18210,2279,180,2459,2279,175,2454,0,5,5,0.0020333468889792597
FISHER,76,2733,142,27,169,143,3,146,-1,24,23,0.13609467455621302
FLOYD,77,3583,74,0,74,74,0,74,0,0,0,0.0
FOARD,78,788,44,2,46,44,1,45,0,1,1,0.021739130434782608
FORT BEND,79,532621,17093,985,18078,17093,222,17315,0,763,763,0.04220599623852196
FRANKLIN,80,7706,690,48,738,687,3,690,3,45,48,0.06504065040650407
FREESTONE,81,13410,893,46,939,893,13,906,0,33,33,0.03514376996805112
FRIO,82,9616,107,0,107,71,0,71,36,0,36,0.3364485981308411
GAINES,83,10683,437,0,437,437,0,437,0,0,0,0.0
GALVESTON,84,246685,13632,768,14400,13632,325,13957,0,443,443,0.03076388888888889
GARZA,85,2528,145,22,167,145,2,147,0,20,20,0.11976047904191617
GILLESPIE,86,22041,2467,195,2662,2467,16,2483,0,179,179,0.06724267468069121
GLASSCOCK,87,843,87,9,96,87,0,87,0,9,9,0.09375
GOLIAD,88,5697,906,45,951,906,11,917,0,34,34,0.035751840168243953
GONZALES,89,13234,870,68,938,870,13,883,0,55,55,0.05863539445628998
GRAY,90,12162,710,137,847,710,31,741,0,106,106,0.12514757969303425
GRAYSON,91,100098,5653,357,6010,5538,40,5578,115,317,432,0.0718801996672213
GREGG,92,73799,3918,492,4410,3906,81,3987,12,411,423,0.09591836734693877
GRIMES,93,21666,1562,104,1666,1516,43,1559,46,61,107,0.06422569027611044
GUADALUPE,94,129704,6774,384,7158,6774,188,6962,0,196,196,0.02738195026543727
HALE,95,18133,791,63,854,791,7,798,0,56,56,0.06557377049180328
HALL,96,1838,44,13,57,44,3,47,0,10,10,0.17543859649122806
HAMILTON,97,6213,480,33,513,480,2,482,0,31,31,0.06042884990253411
HANSFORD,98,2960,96,0,96,66,0,66,30,0,30,0.3125
HARDEMAN,99,2214,1,0,1,1,0,1,0,0,0,0.0
HARDIN,100,43610,1448,5,1453,1431,3,1434,17,2,19,0.01307639366827254
HARRIS,101,2714171,69705,6979,76684,64988,1140,66128,4717,5839,10556,0.1376558343331073
HARRISON,102,47260,2764,149,2913,2764,30,2794,0,119,119,0.040851355990387916
HARTLEY,103,2786,158,23,181,158,6,164,0,17,17,0.09392265193370165
HASKELL,104,3400,102,22,124,102,8,110,0,14,14,0.11290322580645161
HAYS,105,194931,7948,448,8396,7940,93,8033,8,355,363,0.043234873749404476
HEMPHILL,106,2273,161,28,189,161,0,161,0,28,28,0.14814814814814814
HENDERSON,107,60384,3801,1,3802,3785,1,3786,16,0,16,0.004208311415044713
HIDALGO,108,455601,5363,408,5771,5363,38,5401,0,370,370,0.06411367180731242
HILL,109,27539,1224,102,1326,1224,14,1238,0,88,88,0.06636500754147813
HOCKLEY,110,14140,794,8,802,794,4,798,0,4,4,0.004987531172069825
HOOD,111,52985,3960,472,4432,3960,95,4055,0,377,377,0.08506317689530686
HOPKINS,112,25476,1307,25,1332,1307,25,1332,0,0,0,0.0
HOUSTON,113,13774,773,87,860,773,87,860,0,0,0,0.0
HOWARD,114,16696,784,11,795,784,0,784,0,11,11,0.013836477987421384
HUDSPETH,115,2131,33,1,34,33,1,34,0,0,0,0.0
HUNT,116,74932,3443,297,3740,3443,29,3472,0,268,268,0.07165775401069518
HUTCHINSON,117,13241,729,95,824,729,94,823,0,1,1,0.0012135922330097086
IRION,118,1203,89,9,98,89,0,89,0,9,9,0.09183673469387756
JACK,119,5813,429,50,479,429,6,435,0,44,44,0.0918580375782881
JACKSON,120,9957,468,0,468,468,0,468,0,0,0,0.0
JASPER,121,24482,801,86,887,801,86,887,0,0,0,0.0
JEFF DAVIS,122,1554,175,5,180,175,5,180,0,0,0,0.0
JEFFERSON,123,146779,4173,413,4586,4173,413,4586,0,0,0,0.0
JIM HOGG,124,3409,6,1,7,6,1,7,0,0,0,0.0
JIM WELLS,125,25969,433,0,433,433,0,433,0,0,0,0.0
JOHNSON,126,133150,6058,523,6581,6058,512,6570,0,11,11,0.001671478498708403
JONES,127,11009,486,85,571,486,11,497,0,74,74,0.1295971978984238
KARNES,128,8221,336,77,413,336,28,364,0,49,49,0.11864406779661017
KAUFMAN,129,114860,4384,329,4713,4384,0,4384,0,329,329,0.06980691703798006
KENDALL,130,40083,5120,337,5457,5120,107,5227,0,230,230,0.04214770020157596
KENEDY,131,268,3,0,3,3,0,3,0,0,0,0.0
KENT,132,565,4,0,4,4,0,4,0,0,0,0.0
KERR,133,39354,4679,396,5075,4679,111,4790,0,285,285,0.0561576354679803
KIMBLE,134,3314,200,23,223,200,10,210,0,13,13,0.05829596412556054
KING,135,179,16,0,16,16,0,16,0,0,0,0.0
KINNEY,136,2199,181,4,185,125,4,129,56,0,56,0.3027027027027027
KLEBERG,137,17846,487,23,510,487,8,495,0,15,15,0.029411764705882353
KNOX,138,2247,52,10,62,52,3,55,0,7,7,0.11290322580645161
LAMAR,139,33116,2456,63,2519,2456,37,2493,0,26,26,0.010321556173084558
LAMB,140,7703,331,69,400,331,69,400,0,0,0,0.0
LAMPASAS,141,17266,1157,96,1253,1157,37,1194,0,59,59,0.047086991221069435
LASALLE,142,4070,36,1,37,36,0,36,0,1,1,0.02702702702702703
LAVACA,143,14402,1133,1,1134,1133,0,1133,0,1,1,0.0008818342151675485
LEE,144,12092,548,45,593,548,2,550,0,43,43,0.07251264755480608
LEON,145,12600,792,57,849,792,52,844,0,5,5,0.005889281507656066
LIBERTY,146,57770,4938,129,5067,4938,26,4964,0,103,103,0.020327610025656206
LIMESTONE,147,14356,747,68,815,747,23,770,0,45,45,0.05521472392638037
LIPSCOMB,148,1879,47,41,88,47,6,53,0,35,35,0.3977272727272727
LIVE OAK,149,7644,369,35,404,369,3,372,0,32,32,0.07920792079207921
LLANO,150,18302,2268,219,2487,2268,19,2287,0,200,200,0.08041817450743868
LOVING,151,150,0,0,0,0,0,0,0,0,0,0.0
LUBBOCK,152,200436,15176,756,15932,15176,103,15279,0,653,653,0.04098669344715039
LYNN,153,4467,135,5,140,135,3,138,0,2,2,0.014285714285714285
MADISON,154,8469,261,43,304,261,43,304,0,0,0,0.0
MARION,155,7800,440,40,480,440,38,478,0,2,2,0.004166666666666667
MARTIN,156,3566,163,8,171,163,5,168,0,3,3,0.017543859649122806
MASON,157,3257,351,11,362,351,0,351,0,11,11,0.03038674033149171
MATAGORDA,158,22186,833,55,888,833,30,863,0,25,25,0.028153153153153154
MAVERICK,159,36799,168,0,168,168,0,168,0,0,0,0.0
MCCULLOCH,160,5358,344,31,375,344,19,363,0,12,12,0.032
MCLENNAN,161,156560,6829,705,7534,6810,84,6894,19,621,640,0.08494823466949827
MCMULLEN,162,644,55,3,58,55,1,56,0,2,2,0.034482758620689655
MEDINA,163,39897,2863,10,2873,2863,6,2869,0,4,4,0.0013922728854855553
MENARD,164,1467,126,14,140,126,5,131,0,9,9,0.06428571428571428
MIDLAND,165,97373,6574,290,6864,6574,72,6646,0,218,218,0.03175990675990676
MILAM,166,17257,919,44,963,919,44,963,0,0,0,0.0
MILLS,167,3604,449,14,463,449,14,463,0,0,0,0.0
MITCHELL,168,4482,197,15,212,197,4,201,0,11,11,0.05188679245283019
MONTAGUE,169,15460,652,73,725,652,19,671,0,54,54,0.07448275862068965
MONTGOMERY,170,473251,27786,2518,30304,27786,225,28011,0,2293,2293,0.07566657866948258
MOORE,171,10137,579,35,614,579,6,585,0,29,29,0.04723127035830619
MORRIS,172,8770,579,31,610,579,19,598,0,12,12,0.019672131147540985
MOTLEY,173,827,67,19,86,67,1,68,0,18,18,0.20930232558139536
NACOGDOCHES,174,39316,2153,152,2305,2153,151,2304,0,1,1,0.0004338394793926247
NAVARRO,175,33874,2562,14,2576,2562,13,2575,0,1,1,0.00038819875776397513
NEWTON,176,9412,348,0,348,348,0,348,0,0,0,0.0
NOLAN,177,8773,768,40,808,768,14,782,0,26,26,0.03217821782178218
NUECES,178,211505,7036,560,7596,7035,118,7153,1,442,443,0.05832016850974197
OCHILTREE,179,5154,221,43,264,221,6,227,0,37,37,0.14015151515151514
OLDHAM,180,1376,63,16,79,63,1,64,0,15,15,0.189873417721519
ORANGE,181,56337,2491,221,2712,2491,31,2522,0,190,190,0.0700589970501475
PALO PINTO,182,20569,1097,174,1271,1097,47,1144,0,127,127,0.0999213217938631
PANOLA,183,17778,942,75,1017,942,9,951,0,66,66,0.06489675516224189
PARKER,184,130559,9356,644,10000,9356,87,9443,0,557,557,0.0557
PARMER,185,4514,132,14,146,132,2,134,0,12,12,0.0821917808219178
PECOS,186,8352,1071,32,1103,1071,9,1080,0,23,23,0.02085222121486854
POLK,187,43755,4357,372,4729,4357,119,4476,0,253,253,0.0534996828082047
POTTER,188,58180,2180,398,2578,2180,75,2255,0,323,323,0.1252909231962762
PRESIDIO,189,4445,25,2,27,25,2,27,0,0,0,0.0
RAINS,190,9615,769,34,803,769,0,769,0,34,34,0.04234122042341221
RANDALL,191,101225,5715,832,6547,5639,125,5764,76,707,783,0.11959676187566824
REAGAN,192,1810,165,8,173,165,0,165,0,8,8,0.046242774566473986
REAL,193,2677,106,11,117,106,11,117,0,0,0,0.0
RED RIVER,194,8568,498,11,509,492,3,495,6,8,14,0.0275049115913556
REEVES,195,7914,58,13,71,58,2,60,0,11,11,0.15492957746478872
REFUGIO,196,4899,253,19,272,253,2,255,0,17,17,0.0625
ROBERTS,197,719,34,6,40,34,1,35,0,5,5,0.125
ROBERTSON,198,12676,860,41,901,860,11,871,0,30,30,0.033296337402885685
ROCKWALL,199,91415,6710,344,7054,6710,101,6811,0,243,243,0.03444853983555429
RUNNELS,200,6747,347,38,385,347,23,370,0,15,15,0.03896103896103896
RUSK,201,34312,1631,0,1631,1631,0,1631,0,0,0,0.0
SABINE,202,8376,855,56,911,855,24,879,0,32,32,0.03512623490669594
SAN AUGUSTINE,203,5982,477,25,502,476,2,478,1,23,24,0.04780876494023904
SAN JACINTO,204,20879,1637,113,1750,1637,19,1656,0,94,94,0.053714285714285714
SAN PATRICIO,205,45208,557,98,655,557,22,579,0,76,76,0.11603053435114503
SAN SABA,206,3767,163,24,187,163,0,163,0,24,24,0.12834224598930483
SCHLEICHER,207,1768,119,10,129,119,4,123,0,6,6,0.046511627906976744
SCURRY,208,9225,708,40,748,708,9,717,0,31,31,0.04144385026737968
SHACKELFORD,209,2441,206,30,236,206,13,219,0,17,17,0.07203389830508475
SHELBY,210,16349,636,53,689,636,53,689,0,0,0,0.0
SHERMAN,211,1346,71,0,71,71,0,71,0,0,0,0.0
SMITH,212,157630,9264,799,10063,9264,171,9435,0,628,628,0.06240683692735765
SOMERVELL,213,7578,886,22,908,886,9,895,0,13,13,0.014317180616740088
STARR,214,36342,25,6,31,25,5,30,0,1,1,0.03225806451612903
STEPHENS,215,5846,395,41,436,395,39,434,0,2,2,0.0045871559633027525
STERLING,216,882,29,6,35,29,6,35,0,0,0,0.0
STONEWALL,217,949,55,5,60,55,2,57,0,3,3,0.05
SUTTON,218,2295,199,3,202,199,1,200,0,2,2,0.009900990099009901
SWISHER,219,3860,175,35,210,175,8,183,0,27,27,0.12857142857142856
TARRANT,220,1278027,58878,4369,63247,58284,539,58823,594,3830,4424,0.06994798172245324
TAYLOR,221,86087,4385,338,4723,4385,35,4420,0,303,303,0.06415413931822994
TERRELL,222,617,41,5,46,41,0,41,0,5,5,0.10869565217391304
TERRY,223,6277,373,32,405,373,11,384,0,21,21,0.05185185185185185
THROCKMORTON,224,1184,65,4,69,65,0,65,0,4,4,0.057971014492753624
TITUS,225,18086,1163,57,1220,1163,19,1182,0,38,38,0.03114754098360656
TOM GREEN,226,72725,3601,588,4189,3601,119,3720,0,469,469,0.11195989496299832
TRAVIS,227,927654,25997,1999,27996,25225,563,25788,772,1436,2208,0.0788684097728247
TRINITY,228,12254,956,0,956,956,0,956,0,0,0,0.0
TYLER,229,14866,922,58,980,921,16,937,1,42,43,0.04387755102040816
UPSHUR,230,30711,1553,192,1745,1553,25,1578,0,167,167,0.09570200573065903
UPTON,231,2101,142,2,144,142,0,142,0,2,2,0.013888888888888888
UVALDE,232,17673,1439,49,1488,1439,17,1456,0,32,32,0.021505376344086023
VAL VERDE,233,30640,619,10,629,619,0,619,0,10,10,0.01589825119236884
VAN ZANDT,234,42237,3548,125,3673,3547,69,3616,1,56,57,0.015518649605227334
VICTORIA,235,57536,2328,610,2938,2328,228,2556,0,382,382,0.1300204220558203
WALKER,236,39091,3030,126,3156,3030,44,3074,0,82,82,0.025982256020278833
WALLER,237,44924,2156,110,2266,2156,79,2235,0,31,31,0.013680494263018535
WARD,238,6990,149,14,163,149,3,152,0,11,11,0.06748466257668712
WASHINGTON,239,25795,3924,165,4089,3924,57,3981,0,108,108,0.02641232575201761
WEBB,240,147647,1491,29,1520,1491,7,1498,0,22,22,0.014473684210526316
WHARTON,241,26549,1589,23,1612,1589,23,1612,0,0,0,0.0
WHEELER,242,3323,245,29,274,245,6,251,0,23,23,0.08394160583941605
WICHITA,243,77898,3709,339,4048,3709,96,3805,0,243,243,0.060029644268774704
WILBARGER,244,8199,207,74,281,207,13,220,0,61,61,0.21708185053380782
WILLACY,245,11524,100,7,107,100,7,107,0,0,0,0.0
WILLIAMSON,246,458766,22532,1511,24043,22278,1074,23352,254,437,691,0.028740173855176143
WILSON,247,39951,2091,196,2287,2091,44,2135,0,152,152,0.0664626147791867
WINKLER,248,4144,13,19,32,13,7,20,0,12,12,0.375
WISE,249,58175,3981,199,4180,3981,44,4025,0,155,155,0.03708133971291866
WOOD,250,35540,2289,306,2595,2289,65,2354,0,241,241,0.0928709055876686
YOAKUM,251,4330,237,14,251,237,1,238,0,13,13,0.05179282868525897
YOUNG,252,12705,2159,0,2159,2159,0,2159,0,0,0,0.0
ZAPATA,253,8228,15,0,15,15,0,15,0,0,0,0.0
ZAVALA,254,7532,69,1,70,69,1,70,0,0,0,0.0
